name,ply,rolls,sheets,uses,multiQuan,multiDisc,cost,delivery,useCost,useCostDisc,url
about1988,3,1,170,56,1,1,5,0,0.08928571428571429,0.08928571428571429,https://www.amazon.co.uk/dp/B07XLCL63D
amazon aware,3,12,250,1000,1,1,8.75,0,0.00875,0.00875,https://www.amazon.co.uk/dp/B09JGFMXGX
amazon aware,3,36,250,3000,1,1,24.92,0,0.008306666666666667,0.008306666666666667,https://www.amazon.co.uk/dp/B09JGKHYYR
andporium,4,10,300,1500,1,1,11.99,0,0.007993333333333333,0.007993333333333333,https://www.amazon.co.uk/dp/B0CKLSKRLW
andrex quilts,4,45,160,3600,1,1,27.99,0,0.007775,0.007775,https://www.amazon.co.uk/dp/B0048DTYGQ
andrex ultimate quilts,3,48,160,2560,1,1,28.98,0,0.0113203125,0.0113203125,https://www.amazon.co.uk/dp/B09MZFT7CZ
andrex ultimate quilts,3,48,160,2560,1,1,25.5,0,0.0099609375,0.0099609375,https://www.amazon.co.uk/dp/B0B21FVHF4
andrex ultimate quilts,3,16,160,853,1,1,9.45,0,0.01107854630715123,0.01107854630715123,https://www.sainsburys.co.uk/gol-ui/Product/andrex-supreme-quilts-toilet-tissue-16-rolls-7805637-p
andrex ultimate quilts,3,9,160,480,1,1,5,0,0.010416666666666666,0.010416666666666666,https://www.sainsburys.co.uk/gol-ui/product/andrex-supreme-quilts-toilet-tissue-9-rolls-6304463-p
andrex ultimate quilts,3,9,160,480,1,1,8.06,0,0.016791666666666667,0.016791666666666667,uber eats asda
andrex ultimate quilts,3,9,160,480,1,1,8.55,0,0.017812500000000002,0.017812500000000002,uber eats gopuff
andrex ultimate quilts,3,4,160,213,1,1,2.5,0,0.011737089201877934,0.011737089201877934,https://groceries.asda.com/product/8103239
andrex ultimate quilts,3,4,160,213,1,1,3.25,2.99,0.029295774647887324,0.029295774647887324,https://www.tesco.com/groceries/en-GB/products/312091310
andrex ultimate quilts,3,4,160,213,1,1,3.53,0,0.016572769953051642,0.016572769953051642,uber eats asda
andrex ultimate quilts,3,4,160,213,1,1,4.9,0,0.023004694835680753,0.023004694835680753,uber eats gopuff
andrex ultimate quilts,3,16,160,853,1,1,10.4,0,0.012192262602579133,0.012192262602579133,https://groceries.asda.com/product/1000047173165
andrex ultimate quilts,3,9,160,480,1,1,5.95,0,0.012395833333333333,0.012395833333333333,https://groceries.morrisons.com/products/andrex-supreme-quilts-toilet-roll-602098011
andrex ultimate quilts,3,36,160,1920,1,1,22.99,0,0.011973958333333333,0.011973958333333333,https://www.ebay.co.uk/itm/133821498958
andrex ultimate quilts,3,54,160,2880,1,1,33.38,0,0.01159027777777778,0.01159027777777778,https://www.amazon.co.uk/dp/B072HTBPKD
andrex ultimate quilts,3,24,160,1280,1,1,14,2.99,0.013273437500000002,0.013273437500000002,https://www.tesco.com/groceries/en-GB/products/316311863
andrex ultimate quilts,3,16,160,853,1,1,11.5,2.99,0.016987104337631887,0.016987104337631887,https://www.tesco.com/groceries/en-GB/products/311780061
andrex ultimate quilts,3,9,160,480,1,1,5,2.99,0.016645833333333335,0.016645833333333335,https://www.tesco.com/groceries/en-GB/products/312111109
andrex ultimate quilts,3,4,160,213,1,1,3.35,0,0.01572769953051643,0.01572769953051643,https://www.sainsburys.co.uk/gol-ui/product/andrex-supreme-quilts-toilet-tissue-4-rolls-6304442-p
andrex ultimate quilts aloe,3,9,155,465,1,1,5,2.99,0.01718279569892473,0.01718279569892473,https://www.tesco.com/groceries/en-GB/products/317409384
andrex ultimate quilts vanilla,3,9,155,465,1,1,6.95,2.99,0.021376344086021508,0.021376344086021508,https://www.tesco.com/groceries/en-GB/products/317191558
andrex ultimate quilts mega,3,9,235,705,1,1,7.5,2.99,0.014879432624113476,0.014879432624113476,https://www.tesco.com/groceries/en-GB/products/313961950
andrex ultimate quilts mega,3,9,235,705,4,0.95,7.5,0,0.010638297872340425,0.010106382978723403,https://www.amazon.co.uk/dp/B0C623GJNN
asda shades coconut oil,3,4,160,213,1,1,1.9,0,0.00892018779342723,0.00892018779342723,https://groceries.asda.com/product/1000266310469
asda shades quilted,3,4,160,213,1,1,1.9,0,0.00892018779342723,0.00892018779342723,https://groceries.asda.com/product/1000266310542
asda shades quilted,3,4,320,426,1,1,4.03,0,0.009460093896713616,0.009460093896713616,uber eats asda
asda shades sberry & wmelon,3,4,160,213,1,1,1.9,0,0.00892018779342723,0.00892018779342723,https://groceries.asda.com/product/1000266310540
asda shades sberry & wmelon,3,4,300,400,1,1,3.72,0,0.009300000000000001,0.009300000000000001,uber eats asda
beetlenew,3,2,170,113,1,1,7.48,0,0.06619469026548673,0.06619469026548673,https://www.amazon.co.uk/dp/B085YCFP16
bibao,3,1,170,56,1,1,4.49,0,0.08017857142857143,0.08017857142857143,https://www.amazon.co.uk/dp/B08KTHYZCZ
blake & white purely smile,3,108,150,5400,1,1,49.95,0,0.009250000000000001,0.009250000000000001,https://www.amazon.co.uk/dp/B08WKDBPJB
bumboo,3,24,300,2400,1,1,25,0,0.010416666666666666,0.010416666666666666,https://www.amazon.co.uk/dp/B09Q93B1WG
cheeky panda,3,36,200,2400,1,1,22.42,0,0.009341666666666667,0.009341666666666667,https://www.amazon.co.uk/dp/B0874VFF2F
cheeky panda,3,9,200,600,1,1,6.75,0,0.01125,0.01125,https://www.amazon.co.uk/dp/B0874VFF2F
cheeky panda,3,45,200,3000,1,1,33.9,0,0.0113,0.0113,https://www.ebay.co.uk/itm/324727194268
cheeky panda,3,45,200,3000,1,1,38.32,0,0.012773333333333333,0.012773333333333333,https://www.ebay.co.uk/itm/265478393338
cheeky panda,3,24,200,1600,1,1,22.99,0,0.01436875,0.01436875,https://www.amazon.co.uk/dp/B07TVF8YRP
cheeky panda,3,24,200,1600,1,1,27.57,0,0.01723125,0.01723125,https://www.amazon.co.uk/dp/B08WKM8Z93
cheeky panda,3,4,200,266,1,1,4.85,0,0.018233082706766917,0.018233082706766917,https://www.ebay.co.uk/itm/234247004159
cheeky panda,3,4,200,266,1,1,4.89,0,0.01838345864661654,0.01838345864661654,https://www.ebay.co.uk/itm/334077554219
cheeky panda,3,4,200,266,1,1,5,0,0.018796992481203006,0.018796992481203006,https://www.ebay.co.uk/itm/274810091188
co-op quilted,3,4,160,213,1,1,2.9,0,0.013615023474178404,0.013615023474178404,co-op
covid kiss my arse,3,1,170,56,1,1,5.99,0,0.10696428571428572,0.10696428571428572,https://www.amazon.co.uk/dp/B09C4QB51Q
cusheen lavendar,3,12,155,620,1,1,6.75,0,0.010887096774193548,0.010887096774193548,https://www.amazon.co.uk/dp/B095SWCGRF
cushelle quilted,3,9,157,471,1,1,5.85,0,0.012420382165605095,0.012420382165605095,https://groceries.morrisons.com/products/cushelle-quilted-9-white-rolls-399064011
cushelle quilted,3,24,157,1256,1,1,15.5,0,0.012340764331210192,0.012340764331210192,https://www.tesco.com/groceries/en-GB/products/304782328
cushelle quilted,3,16,157,837,1,1,12.5,0,0.014934289127837515,0.014934289127837515,https://groceries.morrisons.com/products/cushelle-quilted-white-rolls-399065011
cushelle quilted,3,4,157,209,1,1,3.65,0,0.017464114832535883,0.017464114832535883,https://groceries.morrisons.com/products/cushelle-quilted-4-white-rolls-399063011
cushelle quilted longer lasting,3,12,236,944,1,1,9.8,2.99,0.013548728813559324,0.013548728813559324,https://www.tesco.com/groceries/en-GB/products/313733731
cushelle quilted raspberry & rhubarb,3,6,236,472,1,1,6.75,0,0.014300847457627119,0.014300847457627119,https://www.tesco.com/groceries/en-GB/products/314109945
cushelle quilted sunshine daisy,3,6,236,472,1,1,4.95,2.99,0.016822033898305087,0.016822033898305087,https://www.tesco.com/groceries/en-GB/products/316064509
cushelle quilted tubeless,3,6,252,504,1,1,5.85,0,0.011607142857142856,0.011607142857142856,https://groceries.morrisons.com/products/cushelle-quilted-tubeless-toilet-tissue-6-rolls-equals-9-rolls-578098011
cushelle quilted tubeless,3,6,252,504,1,1,7.5,0,0.01488095238095238,0.01488095238095238,https://www.tesco.com/groceries/en-GB/products/311961072
cushelle ultra quilted,3,9,157,471,1,1,4,0,0.008492569002123142,0.008492569002123142,https://groceries.asda.com/product/1000103442777
cushelle ultra quilted,3,16,157,837,1,1,7.75,0,0.009259259259259259,0.009259259259259259,https://groceries.asda.com/product/1000103442628
cushelle ultra quilted,3,90,157,4710,1,1,48,0,0.01019108280254777,0.01019108280254777,https://www.amazon.co.uk/dp/B083Y2D3FG
cushelle ultra quilted,3,4,157,209,1,1,2.25,0,0.01076555023923445,0.01076555023923445,https://groceries.asda.com/product/1000103442607
cushelle ultra quilted,3,9,157,471,1,1,14.62,0,0.031040339702760083,0.031040339702760083,https://www.amazon.co.uk/dp/B07FTTPKPF
cushelle ultra quilted coconut,3,16,157,837,1,1,6.5,0,0.007765830346475508,0.007765830346475508,https://groceries.asda.com/product/1000201883638
cushelle ultra quilted coconut,3,9,157,471,1,1,4.75,0,0.010084925690021231,0.010084925690021231,https://groceries.asda.com/product/1000201883593
elegance feathersoft,3,24,160,1280,1,1,7,4,0.00859375,0.00859375,https://www.tesco.com/groceries/en-GB/products/315363543
ever so ewesful,3,1,300,100,1,1,7.99,0,0.0799,0.0799,https://www.amazon.co.uk/dp/B09FTFXDKC
freedom inspirations lemon,3,45,160,2400,1,1,15.99,0,0.0066625,0.0066625,https://www.amazon.co.uk/dp/B08FZJRTBT
getdigital unicorn,3,1,200,66,1,1,9.5,0,0.14393939393939395,0.14393939393939395,https://www.amazon.co.uk/dp/B074TGSJH3
happy birthday,3,1,170,56,1,1,8.99,0,0.16053571428571428,0.16053571428571428,https://www.amazon.co.uk/dp/B09H3GYSZ9
Jaroslaw Kaczynski,3,1,300,100,1,1,5.39,0,0.053899999999999997,0.053899999999999997,https://www.amazon.co.uk/dp/B09CH7BHLK
karina,3,10,140,466,1,1,5.65,0,0.012124463519313306,0.012124463519313306,https://www.ebay.co.uk/itm/264959931435
karina,3,10,140,466,1,1,5.95,0,0.01276824034334764,0.01276824034334764,https://www.ebay.co.uk/itm/353301151229
kasstino,3,1,150,50,1,1,4.98,0,0.09960000000000001,0.09960000000000001,https://www.amazon.co.uk/dp/B01FO4S2QA
kingwo_decor,3,1,170,56,1,1,4.88,0,0.08714285714285715,0.08714285714285715,https://www.amazon.co.uk/dp/B08JM8RZMW
kirkland signature,3,4,240,320,1,1,3.2,0,0.01,0.01,https://www.amazon.co.uk/dp/B074SZSG9T
kleenex 8459,4,24,195,2340,1,1,53.99,0,0.023072649572649574,0.023072649572649574,https://www.amazon.co.uk/dp/B0BKQXYW11
kleenex 8484,4,24,160,1920,1,1,34.19,0,0.017807291666666666,0.017807291666666666,https://www.amazon.co.uk/dp/B00QX8YKCC
kleenex extra comfort premium,4,4,160,320,1,1,11.08,0,0.034625,0.034625,https://www.amazon.co.uk/dp/B00PAQW8CC
little duck dream quilted,3,60,145,2900,1,1,23.98,0,0.00826896551724138,0.00826896551724138,https://www.amazon.co.uk/dp/B0BFFD76DX
little duck supreme quilted,3,24,160,1280,1,1,5.5,4,0.007421875,0.007421875,https://www.tesco.com/groceries/en-GB/products/309787350
lusheen,3,60,155,3100,1,1,24.99,0,0.008061290322580645,0.008061290322580645,https://www.amazon.co.uk/dp/B0B3L3FBPM
morrisons aloe vera,3,4,160,213,1,1,1.9,0,0.00892018779342723,0.00892018779342723,https://www.amazon.co.uk/dp/B01MTNO2IJ
morrisons coconut oil,3,4,160,213,1,1,1.9,0,0.00892018779342723,0.00892018779342723,https://www.amazon.co.uk/dp/B08533ZSFG
morrisons quilted,3,9,160,480,1,1,3.94,0,0.008208333333333333,0.008208333333333333,https://www.amazon.co.uk/dp/B01LQ6DV7K
mother earth,3,12,300,1200,1,1,17.99,0,0.014991666666666665,0.014991666666666665,https://www.amazon.co.uk/dp/B08D3JNDTL
nicky elite,3,24,168,1344,1,1,8.99,0,0.006688988095238095,0.006688988095238095,https://www.amazon.co.uk/dp/B0BMW341NW
nicky fashion,4,36,165,2970,1,1,31.36,0,0.01055892255892256,0.01055892255892256,https://www.amazon.co.uk/dp/B07774XR8P
nicky supreme,3,20,160,1066,1,1,10,0,0.009380863039399626,0.009380863039399626,https://www.amazon.co.uk/dp/B0BXF7713C
oceans,3,45,180,2700,1,1,24.99,0,0.009255555555555555,0.009255555555555555,https://www.amazon.co.uk/dp/B09KVMV168
oh so soft aloe vera,3,9,160,480,1,1,4.25,0,0.008854166666666666,0.008854166666666666,https://groceries.morrisons.com/products/morrisons-aloe-vera-toilet-tissue-303260011
oh so soft aloe vera,3,4,160,213,1,1,2.6,0,0.012206572769953052,0.012206572769953052,https://groceries.morrisons.com/products/morrisons-aloe-vera-toilet-tissue-303259011
oh so soft coconut oil,3,9,160,480,1,1,4.25,0,0.008854166666666666,0.008854166666666666,https://groceries.morrisons.com/products/morrisons-coconut-toilet-tissue-489921011
oh so soft coconut oil,3,4,160,213,1,1,2.6,0,0.012206572769953052,0.012206572769953052,https://groceries.morrisons.com/products/morrisons-fresh-tropical-with-coconut-oil-toilet-tissue-489920011
oh so soft quilted,3,16,160,853,1,1,6.85,0,0.008030480656506448,0.008030480656506448,https://groceries.morrisons.com/products/morrisons-quilted-toilet-rolls-565847011
oh so soft quilted,3,9,160,480,1,1,4.25,0,0.008854166666666666,0.008854166666666666,https://groceries.morrisons.com/products/morrisons-quilted-comfort-toilet-tissue-303262011
oh so soft quilted,3,4,160,213,1,1,2.6,0,0.012206572769953052,0.012206572769953052,https://groceries.morrisons.com/products/morrisons-quilted-comfort-toilet-tissue-4-303263011
oh so soft shea butter,3,9,160,480,1,1,4.25,0,0.008854166666666666,0.008854166666666666,https://groceries.morrisons.com/products/morrisons-shea-butter-toilet-tissue-303258011
oh so soft shea butter,3,4,160,213,1,1,2.6,0,0.012206572769953052,0.012206572769953052,https://groceries.morrisons.com/products/morrisons-shea-butter-toilet-tissue-4-roll-303261011
presto! Eco,3,45,200,3000,1,1,29.93,0,0.009976666666666667,0.009976666666666667,https://www.amazon.co.uk/dp/B08JDBBL9T
presto! Eco,3,45,200,3000,1,1,29.93,0,0.009976666666666667,0.009976666666666667,https://www.amazon.co.uk/dp/B08JDBBL9T
presto! Quilted,3,18,200,1200,1,1,11.15,0,0.009291666666666667,0.009291666666666667,https://www.amazon.co.uk/dp/B08VFXYYSR
presto! Quilted gem pattern,3,45,200,3000,1,1,27.15,0,0.009049999999999999,0.009049999999999999,https://www.amazon.co.uk/dp/B07PWG318D
amazon Quilted pattern b,4,48,160,3840,4,0.85,18.99,0,0.004945312499999999,0.004203515624999999,https://www.amazon.co.uk/dp/B07NMDMBR4
qpout 60,3,1,160,53,1,1,7.69,0,0.1450943396226415,0.1450943396226415,https://www.amazon.co.uk/dp/B0C65PB6QN
quilted,3,4,135,180,1,1,7.39,0,0.041055555555555553,0.041055555555555553,https://www.amazon.co.uk/dp/B09SZSJYS7
regina chamomile,3,4,152,202,1,1,3.5,0,0.017326732673267328,0.017326732673267328,https://www.sainsburys.co.uk/gol-ui/product/regina-chamomile-toilet-tissue-4x160-sheets
regina seriously soft,3,20,175,1166,1,1,13.33,0,0.011432246998284734,0.011432246998284734,https://www.amazon.co.uk/dp/B07T3SBLHQ
renova 100% recycled,3,9,180,540,1,1,7.91,0,0.014648148148148148,0.014648148148148148,https://www.amazon.co.uk/dp/B08BJQD4RN
renova black,3,6,140,280,1,1,6.63,0,0.023678571428571427,0.023678571428571427,https://www.amazon.co.uk/dp/B08GGQDJF8
renova black,3,6,140,280,1,1,7.59,0,0.027107142857142857,0.027107142857142857,https://www.amazon.co.uk/dp/B00XVKW12G
renova christmas,3,72,110,2640,1,1,34.99,0,0.013253787878787879,0.013253787878787879,https://www.amazon.co.uk/dp/B07BYD8HXJ
renova grand royal,3,18,140,840,1,1,14.79,0,0.017607142857142856,0.017607142857142856,https://www.amazon.co.uk/dp/B08BJN2443
renova magic,4,9,190,855,1,1,9.56,0,0.011181286549707603,0.011181286549707603,https://www.amazon.co.uk/dp/B0777YKRBH
renova orange,3,6,140,280,1,1,14.58,0,0.052071428571428574,0.052071428571428574,https://www.amazon.co.uk/dp/B00XVKW0OA
renova red,3,20,180,1200,1,1,31.62,0,0.026350000000000002,0.026350000000000002,https://www.amazon.co.uk/dp/B07BG9VYCP
renova ultra fort,3,4,170,226,1,1,6.69,0,0.029601769911504427,0.029601769911504427,https://www.amazon.co.uk/dp/B07TVJYS9M
renova yellow,3,2,140,93,1,1,7.08,0,0.07612903225806451,0.07612903225806451,https://www.amazon.co.uk/dp/B0841PH3ZW
so soft,3,40,166,2213,1,1,24.23,0,0.010948938093086308,0.010948938093086308,https://www.ebay.co.uk/itm/255138990340
spritumn,3,4,170,226,1,1,24.3776,0,0.10786548672566372,0.10786548672566372,https://www.amazon.co.uk/dp/B07Y1TNK5V
stamford street superior,3,9,320,960,1,1,5.25,4,0.009635416666666667,0.009635416666666667,https://www.sainsburys.co.uk/gol-ui/product/new-355373-44/house-247-superior-toilet-tissue-double-rolls-3-ply-x9
tesco luxury soft coconut oil,3,6,240,480,1,1,3.65,4,0.0159375,0.0159375,https://www.tesco.com/groceries/en-GB/products/312107150
tesco luxury soft coconut oil,3,4,160,213,1,1,1.8,2.99,0.022488262910798123,0.022488262910798123,https://www.tesco.com/groceries/en-GB/products/297445007
tesco luxury soft quilted,3,12,240,960,1,1,6,4,0.010416666666666666,0.010416666666666666,https://www.tesco.com/groceries/en-GB/products/315737516
tesco luxury soft quilted,3,6,240,480,1,1,3.65,4,0.0159375,0.0159375,https://www.tesco.com/groceries/en-GB/products/312092758
tesco luxury soft quilted,3,4,160,213,1,1,1.79,2.99,0.02244131455399061,0.02244131455399061,https://www.tesco.com/groceries/en-GB/products/297444849
tork,3,8,250,666,1,1,9.99,0,0.015000000000000001,0.015000000000000001,https://www.amazon.co.uk/dp/B000MQHNDY
valentine,3,2,170,113,1,1,12.99,0,0.11495575221238938,0.11495575221238938,https://www.amazon.co.uk/dp/B082NP6GHW
velvet,3,24,150,1200,1,1,8,4,0.01,0.01,spar
velvet,3,24,150,1200,4,0.95,8.5,0,0.007083333333333333,0.006729166666666666,https://www.amazon.co.uk/dp/B08HLGKP9J
waitfor multicolor 2,3,1,170,56,1,1,5.4799999999999995,0,0.09785714285714285,0.09785714285714285,https://www.amazon.co.uk/dp/B085HSLQ41
wanshop,3,1,170,56,1,1,4.64,0,0.08285714285714285,0.08285714285714285,https://www.amazon.co.uk/dp/B07JFK9GXD
who gives a crap bamboo,3,48,400,6400,1,1,46.99,0,0.007342187500000001,0.007342187500000001,https://www.amazon.co.uk/dp/B07MB5ZZ2Q
who gives a crap recycled,3,6,360,720,1,1,6.25,0,0.008680555555555556,0.008680555555555556,https://www.amazon.co.uk/dp/B07PVGB19S
Sainsbury's Super Soft quilted,3,4,170,226,1,1,2,0,0.008849557522123894,0.008849557522123894,https://www.sainsburys.co.uk/gol-ui/product/sainsburys-super-soft-quilted-toilet-tissue-4x170-sheets
andrex ultimate quilts aloe,3,9,155,465,1,1,6.5,0,0.013978494623655914,0.013978494623655914,https://www.sainsburys.co.uk/gol-ui/product/andrex-ultimate-quilts-aloe-scented-toilet-rolls-x9
andrex ultimate quilts mega,3,9,235,705,1,1,7.5,0,0.010638297872340425,0.010638297872340425,https://www.sainsburys.co.uk/gol-ui/product/andrex-supreme-quilts-toilet-tissue-mega-rolls-x9
andrex ultimate quilts,3,16,160,853,1,1,11.5,0,0.013481828839390387,0.013481828839390387,https://www.sainsburys.co.uk/gol-ui/product/andrex-toilet-tissues--quilted-x16
cushelle quilted 50% more sheets,3,12,236,944,1,1,10,0,0.01059322033898305,0.01059322033898305,https://www.sainsburys.co.uk/gol-ui/product/cushelle-quilted-toilet-rolls-50-more-sheets-x12
andrex ultimate quilts,3,4,160,213,1,1,3.25,0,0.015258215962441314,0.015258215962441314,https://www.sainsburys.co.uk/gol-ui/product/andrex-quilts-toilet-tissue-x4-rolls
Sainsbury's Super Soft quilted,3,9,170,510,1,1,3.5,4,0.014705882352941176,0.014705882352941176,https://www.sainsburys.co.uk/gol-ui/product/sainsburys-super-soft-quilted-toilet-tissue-x9
Sainsbury's Super Soft aloe vera,3,9,170,510,1,1,4,0,0.00784313725490196,0.00784313725490196,https://www.sainsburys.co.uk/gol-ui/product/sainsburys-luxury-toilet-tissue--aloe-9x170-sheets
Sainsbury's Super Soft coconut oil,3,9,170,510,1,1,4,0,0.00784313725490196,0.00784313725490196,https://www.sainsburys.co.uk/gol-ui/product/sainsburys-super-soft-coconut-toilet-roll-x9
andrex ultimate quilts vanilla,3,9,155,465,1,1,6.5,0,0.013978494623655914,0.013978494623655914,https://www.sainsburys.co.uk/gol-ui/product/andrex-ultimate-quilts-aloe-scented-toilet-rolls-x9
andrex ultimate quilts,3,16,160,853,1,1,12.65,0,0.014830011723329426,0.014830011723329426,uber eats co-op ladybarn
co-op quilted,3,4,240,320,1,1,4.1,0,0.0128125,0.0128125,uber eats co-op ladybarn
nicky elite,3,4,168,224,1,1,2.48,0,0.01107142857142857,0.01107142857142857,uber eats asda
nicky elite,3,9,168,504,1,1,5.27,0,0.010456349206349205,0.010456349206349205,uber eats asda
asda shades coconut oil,3,4,320,426,1,1,3.25,0,0.007629107981220657,0.007629107981220657,uber eats asda
asda shades sugar plum,3,4,320,426,1,1,4.03,0,0.009460093896713616,0.009460093896713616,uber eats asda
reflections poo emoji,3,4,160,213,1,1,3.1,0,0.01455399061032864,0.01455399061032864,uber eats asda
hush,3,4,140,186,1,1,3.05,0,0.01639784946236559,0.01639784946236559,uber eats one stop
andrex ultimate quilts,3,4,160,213,1,1,4.45,0,0.020892018779342724,0.020892018779342724,uber eats one stop
andrex ultimate quilts,3,9,160,480,1,1,9,0,0.01875,0.01875,uber eats one stop
andrex ultimate quilts vanilla,3,9,160,480,1,1,9,0,0.01875,0.01875,uber eats one stop
morrisons quilted,3,4,160,213,1,1,3.2,0,0.015023474178403757,0.015023474178403757,uber eats morrisons
Sainsbury's Super Soft quilted,3,4,170,226,1,1,2.55,0,0.011283185840707964,0.011283185840707964,uber eats sainsburys
co-op quilted,3,6,240,480,1,1,7.15,0,0.014895833333333334,0.014895833333333334,uber eats nisa local
who gives a crap recycled,3,4,360,480,1,1,6.75,0,0.0140625,0.0140625,uber eats gopuff
cushelle quilted 50% more sheets,3,6,236,472,1,1,9.88,0,0.02093220338983051,0.02093220338983051,uber eats iceland
jacks luxury,3,4,170,226,1,1,3.19,0,0.01411504424778761,0.01411504424778761,uber eats londis
tesco luxury soft quilted,3,6,240,480,1,1,4.3,2.99,0.0151875,0.0151875,https://www.tesco.com/groceries/en-GB/products/312092758
velvet,3,24,150,1200,1,1,8.5,4,0.010416666666666666,0.010416666666666666,https://www.tesco.com/groceries/en-GB/products/305837579
co-op quilted,3,6,240,480,1,1,5.2,0,0.010833333333333334,0.010833333333333334,uber eats co-op ladybarn
co-op quilted,3,4,240,320,1,1,4.1,0,0.0128125,0.0128125,uber eats co-op oxford road
co-op quilted,3,6,240,480,1,1,5.2,0,0.010833333333333334,0.010833333333333334,uber eats co-op oxford road
co-op quilted,3,4,240,320,1,1,4.1,0,0.0128125,0.0128125,uber eats co-op ancoats
co-op quilted,3,6,240,480,1,1,5.2,0,0.010833333333333334,0.010833333333333334,uber eats co-op ancoats
co-op quilted,3,4,240,320,1,1,4.1,0,0.0128125,0.0128125,uber eats co-op cornbrook
co-op quilted,3,6,240,480,1,1,5.2,0,0.010833333333333334,0.010833333333333334,uber eats co-op cornbrook
amazon Quilted pattern b,4,12,160,960,4,0.85,9.16,0,0.009541666666666667,0.008110416666666667,https://www.amazon.co.uk/dp/B08KJ2VK39
nicky elite Coconut Fresh,3,24,168,1344,1,1,25,0,0.018601190476190476,0.018601190476190476,https://www.amazon.co.uk/dp/B0D5DPLT3C
nicky elite,3,18,168,1008,1,1,9.6,0,0.009523809523809523,0.009523809523809523,https://www.amazon.co.uk/dp/B087LKGP3M
nicky elite Coconut Fresh,3,45,168,2520,3,0.9,21.94,0,0.008706349206349207,0.007835714285714286,https://www.amazon.co.uk/dp/B0BMW3PXG2
nicky elite,3,45,168,2520,1,1,21.25,0,0.008432539682539682,0.008432539682539682,https://www.amazon.co.uk/dp/B07YDW7WPF
andrex ultimate quilts,3,24,160,1280,1,1,13.75,0,0.0107421875,0.0107421875,https://www.amazon.co.uk/dp/B0D6NNG1FG
andrex ultimate quilts,3,24,160,1280,4,0.95,14,0,0.0109375,0.010390624999999999,https://www.amazon.co.uk/dp/B0B21DW5DL
andrex ultimate quilts mega,3,18,235,1410,1,1,15,0,0.010638297872340425,0.010638297872340425,https://www.amazon.co.uk/dp/B0CQG6JSNZ
andrex ultimate quilts,3,9,160,480,4,0.95,5,0,0.010416666666666666,0.009895833333333333,https://www.amazon.co.uk/dp/B0B71BNF3C
softesse quilted,3,60,170,3400,1,1,16.99,0,0.004997058823529412,0.004997058823529412,https://www.amazon.co.uk/dp/B0DWT6GRRM
freedom inspirations shea butter,3,45,160,2400,1,1,16.99,0,0.007079166666666666,0.007079166666666666,https://www.amazon.co.uk/dp/B07451TJS8
regina gentle soft,3,45,160,2400,1,1,17.8,0,0.007416666666666667,0.007416666666666667,https://www.amazon.co.uk/dp/B0D986KBXQ
regina gentle soft,3,24,160,1280,1,1,10.95,0,0.0085546875,0.0085546875,https://www.amazon.co.uk/dp/B0CYTJ4S29
evo ultra,3,120,130,5200,1,1,34,0,0.006538461538461538,0.006538461538461538,https://www.amazon.co.uk/dp/B006WVP5II
andrex ultimate quilts,3,36,160,1920,1,1,19,0,0.009895833333333333,0.009895833333333333,https://www.amazon.co.uk/dp/B0B21DW55N
andrex ultimate quilts aloe,3,36,155,1860,1,1,20,0,0.010752688172043012,0.010752688172043012,https://www.amazon.co.uk/dp/B0D6NLPGVV
andrex ultimate quilts vanilla,3,36,160,1920,1,1,20,0,0.010416666666666666,0.010416666666666666,https://www.amazon.co.uk/dp/B0D6NLRZXV
andrex ultimate quilts,3,16,160,853,1,1,8.5,0,0.00996483001172333,0.00996483001172333,https://www.amazon.co.uk/dp/B01231Z1LQ
andrex supreme quilts,3,9,160,480,1,1,9.69,0,0.0201875,0.0201875,https://www.amazon.co.uk/dp/B014LL3HSA
andrex supreme quilts,3,12,160,640,3,0.94,14.37,0,0.022453124999999997,0.021105937499999998,https://www.amazon.co.uk/dp/B005JKPO7K
kirkland signature,3,40,240,3200,3,7,28.29,0,0.008840625,0.061884375,https://www.amazon.co.uk/dp/B074VCZ6JL
andrex fammily soft,3,45,170,2560,1,1,18.64,0,0.0113203125,0.0113203125,https://www.amazon.co.uk/dp/B004OCO20E
andrex fammily soft,3,24,170,2560,1,0.95,9.94,0,0.0113203125,0.0113203125,https://www.amazon.co.uk/dp/B07YK9JWH4
andrex fammily soft,3,72,170,2560,1,1,29.82,0,0.0113203125,0.0113203125,https://www.amazon.co.uk/dp/B07PB8PW7K
splesh original,3,72,150,3600,1,1,23.99,0,0.007775,0.007775,https://www.amazon.co.uk/dp/B07KRFC8FL
splesh original,3,60,150,3600,1,1,23.99,0,0.007775,0.007775,https://www.amazon.co.uk/dp/B06WD1FD7Y
splesh aloe vera,3,72,150,3600,1,1,34.49,0,0.007775,0.007775,https://www.amazon.co.uk/dp/B07KRH85XB
andrex ultimate quilts,3,45,160,853,1,1,27.6,0,0.00996483001172333,0.00996483001172333,https://www.amazon.co.uk/dp/B0BB7GGGYR
phoenix,3,60,150,3600,1,1,17.89,0,0.007775,0.007775,https://www.amazon.co.uk/dp/B0BGT6WZYZ
phoenix,3,12,150,3600,1,1,7.69,0,0.007775,0.007775,https://www.amazon.co.uk/dp/B0CCMVNL6Q
phoenix,3,24,150,3600,1,1,10.79,0,0.007775,0.007775,https://www.amazon.co.uk/dp/B0CCMYJJMZ
phoenix,3,48,150,3600,1,1,16.19,0,0.007775,0.007775,https://www.amazon.co.uk/dp/B0CCMXD1KP
splesh lavendar,3,72,150,3600,1,1,23.99,0,0.007775,0.007775,https://www.amazon.co.uk/dp/B07H17LPV5
splesh lavendar,3,60,150,3600,1,1,22.99,0,0.007775,0.007775,https://www.amazon.co.uk/dp/B073Q4BJKG
splesh lavendar,3,48,150,3600,1,1,16.99,0,0.007775,0.007775,https://www.amazon.co.uk/dp/B0B7XY85YS
splesh lavendar,3,24,150,3600,1,1,14.99,0,0.007775,0.007775,https://www.amazon.co.uk/dp/B08ZKYDMT8
amazon Quilted velvety,3,9,200,960,4,0.85,4.41,0,0.009541666666666667,0.008110416666666667,https://www.amazon.co.uk/dp/B08KHBYPJB
amazon mega coconut,3,6,330,960,4,0.85,5.07,0,0.009541666666666667,0.008110416666666667,https://www.amazon.co.uk/dp/B0DSX5ZGSW
amazon mega coconut,3,18,330,960,4,1,15.21,0,0.009541666666666667,0.008110416666666667,https://www.amazon.co.uk/dp/B0F7QSR9NR
amazon mega coconut,3,18,330,960,4,1,22.2,0,0.009541666666666667,0.008110416666666667,https://www.amazon.co.uk/dp/B0DG6253WV
phoenix lavendar,3,60,150,3600,1,1,17.89,0,0.007775,0.007775,https://www.amazon.co.uk/dp/B095N7L7XT
phoenix lavendar,3,12,150,3600,1,1,6.99,0,0.007775,0.007775,https://www.amazon.co.uk/dp/B0DK81NKL6
phoenix lavendar,3,24,150,3600,1,1,10.79,0,0.007775,0.007775,https://www.amazon.co.uk/dp/B0CGSXXFMW
phoenix lavendar,3,36,150,3600,1,1,13.79,0,0.007775,0.007775,https://www.amazon.co.uk/dp/B0CH37P2KF
phoenix lavendar,3,48,150,3600,1,1,16.19,0,0.007775,0.007775,https://www.amazon.co.uk/dp/B0DJHHXZJK
phoenix lavendar,3,120,150,3600,1,1,37.99,0,0.007775,0.007775,https://www.amazon.co.uk/dp/B0DK7Z2NP6
phoenix lavendar,3,120,150,3600,1,1,37.99,0,0.007775,0.007775,https://www.amazon.co.uk/dp/B0CGSPP4SH
